[
  {
    "code": "0111",
    "Desc_en": "Cultivation of grains and crops (except for rice), legumes and oilseeds",
    "Desc_ar": "زراعة الحبوب والمحاصيل ( فيما عدا الارز ) والبقوليات والحبوب الزيتية"
  },
  {
    "code": "0112",
    "Desc_en": "Cultivation of rice",
    "Desc_ar": "زراعة الارز"
  },
  {
    "code": "0113",
    "Desc_en": "Growing vegetables, melons, roots and tubers",
    "Desc_ar": "زراعة الخضر ؤالبطيخ والجذور والدرنات"
  },
  {
    "code": "0114",
    "Desc_en": "Cultivation of sugar cane",
    "Desc_ar": "زراعة قصب السكر"
  },
  {
    "code": "0115",
    "Desc_en": "Tobacco cultivation",
    "Desc_ar": "زراعة التبغ"
  },
  {
    "code": "0116",
    "Desc_en": "Growing fiber crops",
    "Desc_ar": "زراعة المحاصيل ذات الالياف"
  },
  {
    "code": "0119",
    "Desc_en": "Cultivation of other non-perennial crops",
    "Desc_ar": "زراعة المحاصيل غير المعمرة الاخرى"
  },
  {
    "code": "0121",
    "Desc_en": "the cultivation of grapevines.",
    "Desc_ar": "زراعة الكروم"
  },
  {
    "code": "0122",
    "Desc_en": "Growing tropical and subtropical fruits",
    "Desc_ar": "زراعة الفواكه الاستوائية وشبه الاستوائية"
  },
  {
    "code": "0123",
    "Desc_en": "Cultivation of citrus fruits",
    "Desc_ar": "زراعة الموالح"
  },
  {
    "code": "0124",
    "Desc_en": "Cultivation of fruit with Date kernel and from palm trees",
    "Desc_ar": "زراعة الفواكة ذات النواة والناتجة عن انواع النخيل"
  },
  {
    "code": "0125",
    "Desc_en": "Plant fruit trees and shrubs and other nuts",
    "Desc_ar": "زراعة أشجار وشجيرات الفواكهة والمكسرات الاخرى"
  },
  {
    "code": "0126",
    "Desc_en": "Growing oil fruits",
    "Desc_ar": "زراعة الفواكهة الزيتية"
  },
  {
    "code": "0127",
    "Desc_en": "Cultivation of the crops from which drinks are extracted",
    "Desc_ar": "زراعة المحاصيل التى تستخرج منها المشروبات"
  },
  {
    "code": "0128",
    "Desc_en": "Cultivation of spice crops, aromatics, medicine and pharmaceutical drugs",
    "Desc_ar": "زراعة محاصيل التوابل والعطريات والادوية والعقاقير الصيدلانية"
  },
  {
    "code": "0129",
    "Desc_en": "Cultivation of other perennial crops",
    "Desc_ar": "زراعة المحاصيل المعمرة الاخرى"
  },
  {
    "code": "0130",
    "Desc_en": "Crop breeding",
    "Desc_ar": "تكاثر المحاصيل"
  },
  {
    "code": "0141",
    "Desc_en": "Breeding of cattle and buffalo",
    "Desc_ar": "تربية الماشية والجواميس"
  },
  {
    "code": "0142",
    "Desc_en": "Breeding of horses and mare",
    "Desc_ar": "تربية الخيول و الفرس"
  },
  {
    "code": "0143",
    "Desc_en": "Breeding of camels",
    "Desc_ar": "تربية الجمال والهجن"
  },
  {
    "code": "0144",
    "Desc_en": "Breeding sheep and goats",
    "Desc_ar": "تربية الخراف والماعز"
  },
  {
    "code": "0145",
    "Desc_en": "Breeding of Pig",
    "Desc_ar": "تربية الحنازير"
  },
  {
    "code": "0146",
    "Desc_en": "Poultry farming",
    "Desc_ar": "تربية الدواجن"
  },
  {
    "code": "0149",
    "Desc_en": "Breeding other animals",
    "Desc_ar": "تربية الحيوانات الاخرى"
  },
  {
    "code": "0150",
    "Desc_en": "Mixed education",
    "Desc_ar": "التربية المختلطة"
  },
  {
    "code": "0161",
    "Desc_en": "Support activities for crop production",
    "Desc_ar": "الانشطة الداعمة لانتاج المحاصيل"
  },
  {
    "code": "0162",
    "Desc_en": "Activities in support of animal production",
    "Desc_ar": "الانشطة الداعمة لانتاج الحيوانات"
  },
  {
    "code": "0163",
    "Desc_en": "Post-harvest activities",
    "Desc_ar": "الانشطة اللاحقة لحصاد المحاصيل"
  },
  {
    "code": "0164",
    "Desc_en": "Preparing grains for reproduction",
    "Desc_ar": "تجهيز الحبوب للتكاثر"
  },
  {
    "code": "0170",
    "Desc_en": "Hunting, erection, and related service activities",
    "Desc_ar": "الصيد ونصب الاشراك وانشطة الخدمات ذات الصلة"
  },
  {
    "code": "0210",
    "Desc_en": "Forest care and forest-related activities",
    "Desc_ar": "رعاية الغابات والانشطة المتصلة بالغابات"
  },
  {
    "code": "0220",
    "Desc_en": "Wood cutting",
    "Desc_ar": "قطع الاخشاب"
  },
  {
    "code": "0230",
    "Desc_en": "Assembling non-wood forest products",
    "Desc_ar": "تجميع المنتجات غير الخشبية بالغابات"
  },
  {
    "code": "0240",
    "Desc_en": "Forest support services",
    "Desc_ar": "الخدمات الداعمة للغابات"
  },
  {
    "code": "0311",
    "Desc_en": "Fishing",
    "Desc_ar": "الصيد البحرى"
  },
  {
    "code": "0312",
    "Desc_en": "River fishing",
    "Desc_ar": "الصيد النهرى"
  },
  {
    "code": "0321",
    "Desc_en": "Marine farms",
    "Desc_ar": "المزارع البحرية"
  },
  {
    "code": "0322",
    "Desc_en": "River farms",
    "Desc_ar": "المزارع النهرية"
  },
  {
    "code": "0411",
    "Desc_en": "Earn a job",
    "Desc_ar": "كسب عمل"
  },
  {
    "code": "0412",
    "Desc_en": "Income from government agencies salaries",
    "Desc_ar": "ايرادات من مرتبات جهات حكوميه"
  },
  {
    "code": "0413",
    "Desc_en": "Income and salaries from the public business sector",
    "Desc_ar": "إيرادات ومرتبات من قطاع الاعمال العام"
  },
  {
    "code": "0414",
    "Desc_en": "Income and salaries from the private sector",
    "Desc_ar": "ايرادات ومرتبات من قطاع خاص"
  },
  {
    "code": "0415",
    "Desc_en": "Income and salary from non-subject entities",
    "Desc_ar": "ايرادات ومرتبات من جهات غير خاضعه"
  },
  {
    "code": "0416",
    "Desc_en": "Inspection and sting",
    "Desc_ar": "تفتيش ودمغة"
  },
  {
    "code": "0441",
    "Desc_en": "Income of agricultural lands",
    "Desc_ar": "ايرادالاراضي الزراعيه"
  },
  {
    "code": "0442",
    "Desc_en": "Revenue from constructed real estate",
    "Desc_ar": "ايراد العقارات المبنيه"
  },
  {
    "code": "0444",
    "Desc_en": "Income of real estate activities",
    "Desc_ar": "ايراد الانشطه العقاريه"
  },
  {
    "code": "0451",
    "Desc_en": "Errand stamp",
    "Desc_ar": "دمغة مأمورية"
  },
  {
    "code": "0461",
    "Desc_en": "Revenue from non-funders",
    "Desc_ar": "ايرادات غير الممولين"
  },
  {
    "code": "0462",
    "Desc_en": "Revenue of transferred capital",
    "Desc_ar": "إيراد رؤوس الأموال المنقولة"
  },
  {
    "code": "0463",
    "Desc_en": "Income earned from abroad",
    "Desc_ar": "ايرادات محصله من الخارج"
  },
  {
    "code": "0464",
    "Desc_en": "Other categories / miscellaneous other income",
    "Desc_ar": "فئات اخري/ ايرادات اخري متنوعه"
  },
  {
    "code": "0471",
    "Desc_en": "Free market revenue",
    "Desc_ar": "ايرادات أسواق حرة"
  },
  {
    "code": "0472",
    "Desc_en": "Free Zones revenue",
    "Desc_ar": "ايرادات مناطق حره"
  },
  {
    "code": "0510",
    "Desc_en": "Hard coal mining",
    "Desc_ar": "تعدين الفحم الصلب"
  },
  {
    "code": "0520",
    "Desc_en": "Lignite mining",
    "Desc_ar": "تعدين الليجنيت"
  },
  {
    "code": "0610",
    "Desc_en": "Extract the crude oil",
    "Desc_ar": "استخرج البترول الخام"
  },
  {
    "code": "0620",
    "Desc_en": "Extract natural gas",
    "Desc_ar": "استخرج االغاز الطبيعى"
  },
  {
    "code": "0710",
    "Desc_en": "Iron ore mining",
    "Desc_ar": "تعدين الحديد الخام"
  },
  {
    "code": "0721",
    "Desc_en": "Uranium and raw thorium mining",
    "Desc_ar": "تعدين اليورانيوم والثوريوم الخام"
  },
  {
    "code": "0729",
    "Desc_en": "Mining other non-ferrous metals",
    "Desc_ar": "تعدين المعادن الخام الاخرى غير الحديدية"
  },
  {
    "code": "0810",
    "Desc_en": "Quarrying to extract stones, sand and shale",
    "Desc_ar": "استغلال المحاجر لاستخراج الاحجار والرمال والطفل"
  },
  {
    "code": "0891",
    "Desc_en": "Chemical minerals and fertilizer extraction",
    "Desc_ar": "استخراج المعادن الكيميائية والاسمدة"
  },
  {
    "code": "0892",
    "Desc_en": "Peat extraction",
    "Desc_ar": "استخراج الخث"
  },
  {
    "code": "0893",
    "Desc_en": "Salt extraction",
    "Desc_ar": "استخراج الملح"
  },
  {
    "code": "0899",
    "Desc_en": "Other mining and quarrying activities are not elsewhere classified",
    "Desc_ar": "الانشطة الاخرى للتعدين واستغلال المحاجر غير مصنفة فى موضع اخر"
  },
  {
    "code": "0910",
    "Desc_en": "Service activities in support of oil and natural gas extraction",
    "Desc_ar": "انشطة الخدمات الداعمة لاعمال استخراج البترول والغاز الطبيعى"
  },
  {
    "code": "0990",
    "Desc_en": "Service activities in support of other mining and quarrying activities",
    "Desc_ar": "انشطة الخدمات الداعمة للاعمال الاخرى للتعدين واستغلال المحاجر"
  },
  {
    "code": "1010",
    "Desc_en": "Meat processing and preservation",
    "Desc_ar": "تصنيع وحفظ اللحوم"
  },
  {
    "code": "1020",
    "Desc_en": "Manufacture and preservation of fish, crustaceans and mollusks",
    "Desc_ar": "تصنيع وحفظ الاسماك والقشريات والرخويات"
  },
  {
    "code": "1030",
    "Desc_en": "Manufacturing and preserving fruits and vegetables",
    "Desc_ar": "تصنيع وحفظ الفواكهة و الخضراوات"
  },
  {
    "code": "1040",
    "Desc_en": "Manufacture of vegetable and animal oils and fats",
    "Desc_ar": "تصنيع الزيوت و الدهون الحيوانية والنباتية"
  },
  {
    "code": "1050",
    "Desc_en": "Dairy products manufacturing",
    "Desc_ar": "تصنيع منتجات الالبان"
  },
  {
    "code": "1061",
    "Desc_en": "Manufacture of grain mill products",
    "Desc_ar": "تصنيع منتجات طواحين الحبوب"
  },
  {
    "code": "1062",
    "Desc_en": "Manufacture of starch and starch products",
    "Desc_ar": "تصنيع منتجات النشاء ومنتجات النشاء"
  },
  {
    "code": "1071",
    "Desc_en": "Manufacturing bakery products",
    "Desc_ar": "تصنيع منتجات المخابز"
  },
  {
    "code": "1072",
    "Desc_en": "Sugar industry",
    "Desc_ar": "صناعة السكر"
  },
  {
    "code": "1073",
    "Desc_en": "Manufacture of cocoa, chocolate and sugar confectionery",
    "Desc_ar": "تصنيع الكاكاو والشيكولاتة والحلويات السكرية"
  },
  {
    "code": "1074",
    "Desc_en": "Manufacturing pasta, strips, couscous and similar starchy products",
    "Desc_ar": "تصنيع المعكرونة وشرائطها والكسكسى والمنتجات النشوية المماثلة"
  },
  {
    "code": "1075",
    "Desc_en": "Meals and ready-made food industry",
    "Desc_ar": "صناعة الوجبات و الاغذية الجاهزة"
  },
  {
    "code": "1079",
    "Desc_en": "Manufacture of other products not classified elsewhere",
    "Desc_ar": "صناعة المنتجات الاخرى غير مصنفة فى موضع اخر"
  },
  {
    "code": "1080",
    "Desc_en": "Prepared animal food industry",
    "Desc_ar": "صناعة الاغذية الحيوانية المجهزة"
  },
  {
    "code": "1101",
    "Desc_en": "Spirits distilled, refined and mixed",
    "Desc_ar": "تقطير المشروبات الروحية وتكريرها وخلطها"
  },
  {
    "code": "1102",
    "Desc_en": "Winemaking",
    "Desc_ar": "صناعة النبيذ"
  },
  {
    "code": "1103",
    "Desc_en": "The manufacture of alcoholic drinks derived from the molten and the manufacture of molten",
    "Desc_ar": "صناعة المشروبات الكحولية المشتقة من المولت وصنع المولت"
  },
  {
    "code": "1104",
    "Desc_en": "Manufacturing soft drinks and producing mineral water",
    "Desc_ar": "صناعة المشروبات المرطبة وانتاج المياة المعدنية"
  },
  {
    "code": "1200",
    "Desc_en": "Manufacture of tobacco products",
    "Desc_ar": "صناعة منتجات التبغ"
  },
  {
    "code": "1311",
    "Desc_en": "Processing and spinning of textile fibers",
    "Desc_ar": "تجهيز وغزل الياف المنسوجات"
  },
  {
    "code": "1312",
    "Desc_en": "Textile weave",
    "Desc_ar": "نسج المنسوجات"
  },
  {
    "code": "1313",
    "Desc_en": "The textile industry",
    "Desc_ar": "صناعة المنسوجات"
  },
  {
    "code": "1391",
    "Desc_en": "Manufacture of knitted and crocheted fabrics",
    "Desc_ar": "صناعة الاقمشة التريكو والكروشية"
  },
  {
    "code": "1392",
    "Desc_en": "Manufacture of ready-made textile accessories, except garment wear",
    "Desc_ar": "صناعة مستلزمات المنسوجات الجاهزة باستثناء ملابس الزينة"
  },
  {
    "code": "1393",
    "Desc_en": "Carpet and blanket industry",
    "Desc_ar": "صناعة السجاد والبطاطين"
  },
  {
    "code": "1394",
    "Desc_en": "Manufacture of ropes, thick and double ropes and nets",
    "Desc_ar": "صناعة الحبال والحبال الغليظة والمذدوجة والشباك"
  },
  {
    "code": "1399",
    "Desc_en": "Other textile industry not elsewhere classified",
    "Desc_ar": "صناعة المنسوجات الاخرى غير مصنفة فى موضع اخر"
  },
  {
    "code": "1410",
    "Desc_en": "Manufacture of garment with the exception of fur",
    "Desc_ar": "صناعة الملابس ذات الزينة باستثناء الفراء"
  },
  {
    "code": "1420",
    "Desc_en": "Fur accessories industry",
    "Desc_ar": "صناعة مستلزمات الفراء"
  },
  {
    "code": "1430",
    "Desc_en": "The manufacture of clothing, knitted and crocheted",
    "Desc_ar": "صناعة ملابس الزينة بالتريكو والكروشية"
  },
  {
    "code": "1511",
    "Desc_en": "Tanning and processing of leather, fillings and dyeing of fur",
    "Desc_ar": "دبغ وتجهيز الجلود والحشوات وصباغة الفراء"
  },
  {
    "code": "1512",
    "Desc_en": "Luggage, handbags and similar industries, along with saddles and horse sets",
    "Desc_ar": "صناعة حفائب الامتعة وحقائب اليد وما شابهة ذلك الى جانب السروج واطقم الجياد"
  },
  {
    "code": "1520",
    "Desc_en": "Shoe manufacturing",
    "Desc_ar": "صناعة الاحذية"
  },
  {
    "code": "1610",
    "Desc_en": "Sawing wood and abrasion",
    "Desc_ar": "نشر الخشب وسحجة"
  },
  {
    "code": "1621",
    "Desc_en": "Sheets made of wood veneer and wood-based panels",
    "Desc_ar": "الصفائح من قشرة الخشب والالواح ذات الاساس الخشبى"
  },
  {
    "code": "1622",
    "Desc_en": "Manufacture of carpentry accessories intended for buildings and installations",
    "Desc_ar": "صناعة مستلزمات النجارة المعدة للابنية والمنشات"
  },
  {
    "code": "1623",
    "Desc_en": "Wooden boxes industry",
    "Desc_ar": "صناعة الصناديق الخشبية"
  },
  {
    "code": "1629",
    "Desc_en": "Manufacture of wood, wood products and cork, except furniture, and manufacture of articles produced from straw and sheets",
    "Desc_ar": "صناعة الاخشاب والمنتجات الخشبية والفلين باستثناء الاثاث وصناعة الاصناف المنتجة من القش والصفائح"
  },
  {
    "code": "1701",
    "Desc_en": "Paper and carvatard pulp industry",
    "Desc_ar": "صناعة عجائن الورق و الورق المقوى ( الكارتون )"
  },
  {
    "code": "1702",
    "Desc_en": "Manufacture of corrugated paper and paperboard and boxes made of paper and paperboard",
    "Desc_ar": "صناعة الورق والورق المقوى المموج والصناديق المصنوعة من الورق والورق المقوى"
  },
  {
    "code": "1709",
    "Desc_en": "Manufacture of other articles of paper and paperboard",
    "Desc_ar": "صناعة اصناف اخرى من الورق والورق المقوى"
  },
  {
    "code": "1811",
    "Desc_en": "printing",
    "Desc_ar": "الطباعة"
  },
  {
    "code": "1812",
    "Desc_en": "Printing service activities",
    "Desc_ar": "انشطة الخدمات المرتبطة بالطباعة"
  },
  {
    "code": "1820",
    "Desc_en": "Clone recorded media",
    "Desc_ar": "استنساخ وسائل الاعلام المسجلة"
  },
  {
    "code": "1910",
    "Desc_en": "Coke oven products industry",
    "Desc_ar": "صناعة منتجات افران الكوك"
  },
  {
    "code": "1920",
    "Desc_en": "Refined petroleum products",
    "Desc_ar": "المنتجات النفطية المكررة"
  },
  {
    "code": "2011",
    "Desc_en": "Basic chemicals",
    "Desc_ar": "المواد الكيميائية الاساسية"
  },
  {
    "code": "2012",
    "Desc_en": "Manufacture of fertilizers and nitrogen compounds",
    "Desc_ar": "صناعة الاسمدة والمركبات الازوتية"
  },
  {
    "code": "2013",
    "Desc_en": "Plastics industry in its primary forms and synthetic rubber",
    "Desc_ar": "صناعة اللادائن فى اشكالها الاولية والمطاط الصناعى"
  },
  {
    "code": "2021",
    "Desc_en": "Pesticide industry and other agricultural chemical products",
    "Desc_ar": "صناعة مبيدات الافات والمنتجات الكيميائية الزراعية الاخرى"
  },
  {
    "code": "2022",
    "Desc_en": "Manufacture of paints, varnishes, and similar coatings, printing inks and molds",
    "Desc_ar": "صناعة الدهانات والورنيش والطلاء المماثلة واحبار الطباعة والمصطكات"
  },
  {
    "code": "2023",
    "Desc_en": "Manufacture of soap, disinfectants, cleaning and polishing preparations, perfumes and cosmetics",
    "Desc_ar": "صناعة الصابون والمطهرات ومستحضرات التنظيف والتلميع والعطور ومستحضرات التجميل"
  },
  {
    "code": "2029",
    "Desc_en": "Manufacture of other chemical products not classified elsewhere",
    "Desc_ar": "صناعة المنتجات الكيميائية الاخرى غير المصنفة فى موضع اخر"
  },
  {
    "code": "2030",
    "Desc_en": "Industrial fiber industry",
    "Desc_ar": "صناعة الالياف الصناعية"
  },
  {
    "code": "2100",
    "Desc_en": "Manufacture of pharmaceutical, chemical, and plant products",
    "Desc_ar": "صناعة المستحضرات الصيدلانية والكيميائية الدواءية والمنتجات النباتية"
  },
  {
    "code": "2211",
    "Desc_en": "Manufacture of rubber tires and tubes, renewing and rebuilding the outer surfaces of rubber tires",
    "Desc_ar": "صناعة الاطارات والانابيب المطاطية وتجديد الاسطح الخارجية للاطارات المطاطية واعادة بنائها"
  },
  {
    "code": "2219",
    "Desc_en": "Manufacture of other rubber products",
    "Desc_ar": "صناعة المنتجات المطاطية الاخرى"
  },
  {
    "code": "2220",
    "Desc_en": "Plastics industry",
    "Desc_ar": "صناعة منتجات اللادائن"
  },
  {
    "code": "2310",
    "Desc_en": "Glass and its products industry",
    "Desc_ar": "صناعة الزجاج ومنتجاتة"
  },
  {
    "code": "2391",
    "Desc_en": "Manufacture of fusion products",
    "Desc_ar": "صناعة المنتجات المقاومة للانصهار"
  },
  {
    "code": "2392",
    "Desc_en": "Manufacture of Shale products for Building",
    "Desc_ar": "صناعة مواد الطفلة الخاصة بالبناء"
  },
  {
    "code": "2393",
    "Desc_en": "Manufacture of other Porcelain and ceramic products",
    "Desc_ar": "صناعة منتجات البرسولين والسيراميك الاخرى"
  },
  {
    "code": "2394",
    "Desc_en": "Cement, lime and plaster industry",
    "Desc_ar": "صناعة الاسمنت والجير والجص"
  },
  {
    "code": "2395",
    "Desc_en": "Manufacture of concrete products, cement and plaster",
    "Desc_ar": "صناعة منتجات الخرسانة والاسمنت والجص"
  },
  {
    "code": "2396",
    "Desc_en": "Cutting, forming and completing the stone processing",
    "Desc_ar": "قطع وتشكيل واتمام تجهيز الاحجار"
  },
  {
    "code": "2399",
    "Desc_en": "Manufacture of non-metallic minerals products not classified elsewhere",
    "Desc_ar": "صناعة منتجات المعادن الافلزية الاخرى غير المصنفة فى مواضع اخرى"
  },
  {
    "code": "2410",
    "Desc_en": "The industry of basic iron and steel",
    "Desc_ar": "صناعة الحديد والصلب القاعديين"
  },
  {
    "code": "2420",
    "Desc_en": "Manufacture of precious and non-ferrous basic metals",
    "Desc_ar": "صناعة الفلزات الثمينة وغير الحديدية القاعدية"
  },
  {
    "code": "2431",
    "Desc_en": "Iron and steel casting",
    "Desc_ar": "سبك الحديدوالصلب"
  },
  {
    "code": "2432",
    "Desc_en": "Non-ferrous metal casting",
    "Desc_ar": "سبك المعادن غير الحديدية"
  },
  {
    "code": "2511",
    "Desc_en": "Structural metal products industry",
    "Desc_ar": "صناعة المنتجات المعدنية الانشائية"
  },
  {
    "code": "2512",
    "Desc_en": "Industry of tanks and metal containers",
    "Desc_ar": "صناعة الصهاريج والخزانات و الحاويات المعدنية"
  },
  {
    "code": "2513",
    "Desc_en": "Water vapor generators except for central heating boilers in hot water",
    "Desc_ar": "مولدات بخار الماء باستثناء مراجل التدفئةالمركزية بالمياة الساخنة"
  },
  {
    "code": "2520",
    "Desc_en": "Arms and ammunition industry",
    "Desc_ar": "صناعة الاسلحة والذخائر"
  },
  {
    "code": "2591",
    "Desc_en": "Forming metals by hammering, pressing, casting, rolling, and treatment of metal powders",
    "Desc_ar": "تشكيل المعادن بالطرق والكبس و السبك والدلفنة ومعالجة مساحيق المعادن"
  },
  {
    "code": "2592",
    "Desc_en": "Metal processing and coating",
    "Desc_ar": "معالجة وطلى المعادن"
  },
  {
    "code": "2593",
    "Desc_en": "Manufacture of cutting tools, hand tools and general metal tools",
    "Desc_ar": "صناعة ادوات القطع والعدد اليدوية والادوات المعدنية العامة"
  },
  {
    "code": "2599",
    "Desc_en": "Manufacture of other fabricated metal products not classified elsewhere",
    "Desc_ar": "صناعة منتجات المعادن المشكلة الاخرى غير المصنفة فى مواضع اخرى"
  },
  {
    "code": "2610",
    "Desc_en": "Electronic components and panels industry",
    "Desc_ar": "صناعة المكونات والالواح الاليكترونية"
  },
  {
    "code": "2620",
    "Desc_en": "The manufacture of electronic computers and related devices",
    "Desc_ar": "صناعة الحاسبات الاليكترونية و الاجهزة المتصلة بة"
  },
  {
    "code": "2630",
    "Desc_en": "Communications equipment industry",
    "Desc_ar": "صناعة اجهزة الاتصالات"
  },
  {
    "code": "2640",
    "Desc_en": "Electronic devices industry",
    "Desc_ar": "صناعة الاجهزة الاليكترونية"
  },
  {
    "code": "2651",
    "Desc_en": "Manufacturing measuring, testing, navigation and control devices",
    "Desc_ar": "صناعة اجهزة القياس والاختبار و الملاحة والتحكم"
  },
  {
    "code": "2652",
    "Desc_en": "Watch and alarm clock industry",
    "Desc_ar": "صناعة الساعات والمنبهات"
  },
  {
    "code": "2660",
    "Desc_en": "Radiation, medical and therapeutic electronic devices industry",
    "Desc_ar": "صناعة الاجهزة الاشعاعية والطبية والعلاجية اللاليكترونية"
  },
  {
    "code": "2670",
    "Desc_en": "Optical equipment and imaging equipment industry",
    "Desc_ar": "صناعة المعدات البصرية واجهزة التصوير"
  },
  {
    "code": "2680",
    "Desc_en": "Optical and magnetic conveyor industry",
    "Desc_ar": "صناعة الوسائل الناقلة البصرية والمغنطيسية"
  },
  {
    "code": "2710",
    "Desc_en": "Manufacture of motors, generators, electrical transformers, devices and control panels for electricity distribution",
    "Desc_ar": "صناعة المحركات والمولدات والمحولات الكهربائية واجهزة ولوحات التحكم فى توزيع الكهرباء"
  },
  {
    "code": "2720",
    "Desc_en": "Manufacture of dry and stored batteries",
    "Desc_ar": "صناعة البطاريات الجافة والمختزنة"
  },
  {
    "code": "2731",
    "Desc_en": "Industrial fiber cable industry",
    "Desc_ar": "صناعة كابلات الالياف الصناعية"
  },
  {
    "code": "2732",
    "Desc_en": "Other electrical and electronic wires and cables",
    "Desc_ar": "صناعة الاسلاك الكهربائية والاليكترونية الاخرى والكابلات"
  },
  {
    "code": "2733",
    "Desc_en": "Wire devices industry",
    "Desc_ar": "صناعة اجهزة الاسلاك"
  },
  {
    "code": "2740",
    "Desc_en": "Electrical lighting devices industry",
    "Desc_ar": "صناعة اجهزة الانارة الكهربائية"
  },
  {
    "code": "2750",
    "Desc_en": "Home appliances industry",
    "Desc_ar": "صناعة الاجهزة المنزلية"
  },
  {
    "code": "2790",
    "Desc_en": "Other electrical appliances industry",
    "Desc_ar": "صناعة الاجهزة الكهربائية الاخرى"
  },
  {
    "code": "2811",
    "Desc_en": "Manufacture of generators and engines, with the exception of aircraft, vehicles and motorcycles",
    "Desc_ar": "صناعة المولدات والمحركات باسقثناء الطائرات والمركبات ومحركات الموتيسيكلات"
  },
  {
    "code": "2812",
    "Desc_en": "Liquid power devices industry",
    "Desc_ar": "صناعة اجهزة الطاقة السائلة"
  },
  {
    "code": "2813",
    "Desc_en": "Manufacture of pumps, compressors, tapes and other valves",
    "Desc_ar": "صناعة المضخات والضواغط والاشرطة والصمامات الاخرى"
  },
  {
    "code": "2814",
    "Desc_en": "Gears, carriers and driving devices industry",
    "Desc_ar": "صناعة التروس والحاملات واجهزة القيادة"
  },
  {
    "code": "2815",
    "Desc_en": "Manufacture of furnaces, furnaces and their incinerators",
    "Desc_ar": "صناعة الافران و الاتونات ومحرقاتها"
  },
  {
    "code": "2816",
    "Desc_en": "The elevators and equipment needed for it",
    "Desc_ar": "صناعة المصاعد والمعدات الازمة لها"
  },
  {
    "code": "2817",
    "Desc_en": "Manufacture of office equipment and equipment (excluding electronic computers and their accessories)",
    "Desc_ar": "صناعة الاجهزة والمعدات المكتبية ( باستثناء الحاسبات الاليكترونية ومستلزماتها )"
  },
  {
    "code": "2818",
    "Desc_en": "Manufacture of manual power steering equipment",
    "Desc_ar": "صناعة المعدات اليدوية لتوجية الطاقة"
  },
  {
    "code": "2819",
    "Desc_en": "Other equipment industry of various purposes",
    "Desc_ar": "صناعة المعدات الاخرى ذات الاغراض المتنوعة"
  },
  {
    "code": "2821",
    "Desc_en": "Agricultural and forestry equipment industry",
    "Desc_ar": "صناعة المعدات الزراعية والخاصة بالغابات"
  },
  {
    "code": "2822",
    "Desc_en": "Manufacture of equipment and machinery for forming metals",
    "Desc_ar": "صناعة معدات واجهزة تشكيل المعادن"
  },
  {
    "code": "2823",
    "Desc_en": "Metal equipment industry",
    "Desc_ar": "صناعة معدات المعادن"
  },
  {
    "code": "2824",
    "Desc_en": "Mining and quarrying and building equipment industry",
    "Desc_ar": "صناعة معدات المناجم و المحاجر والبناء"
  },
  {
    "code": "2825",
    "Desc_en": "Manufacture of food, beverage and tobacco industries equipment",
    "Desc_ar": "صناعة معدات الصناعات الغذائية والمشرؤبات والتبغ"
  },
  {
    "code": "2826",
    "Desc_en": "Manufacture of ready-made clothes, accessories, and leather production",
    "Desc_ar": "صناعة معدات الملابس الجاهزة وهدوات الزينة وانتاج الجلود"
  },
  {
    "code": "2829",
    "Desc_en": "Manufacture of other special-purpose equipment",
    "Desc_ar": "صناعة المعدات الاخرى ذات الاغراض الخاصة"
  },
  {
    "code": "2910",
    "Desc_en": "Manufacture of motor vehicles",
    "Desc_ar": "صناعة المركبات ذات المحركات"
  },
  {
    "code": "2920",
    "Desc_en": "Manufacture of motor vehicle bodies and the manufacture of trailers and semi-trailers",
    "Desc_ar": "صناعة هياكل المركبات ذات المحركات وصناعة المقطورات ونصف المقطورات"
  },
  {
    "code": "2930",
    "Desc_en": "Manufacture of accessories and spare parts for motor vehicles",
    "Desc_ar": "صناعة مستلزمات وقطع غيار المركبات ذات المحركات"
  },
  {
    "code": "3011",
    "Desc_en": "Building ship hulls and rafts",
    "Desc_ar": "بناء هياكل السفن و الطوافات"
  },
  {
    "code": "3012",
    "Desc_en": "Manufacture of pleasure boats and sport boats",
    "Desc_ar": "صناعة قوارب النزهة والقوارب الرياضية"
  },
  {
    "code": "3020",
    "Desc_en": "Railroad locomotives and rolling stock industry",
    "Desc_ar": "صناعة قاطرات السكك الحديدية والمعدات الدارجة على السكك الحديدية"
  },
  {
    "code": "3030",
    "Desc_en": "Air and spacecraft industry",
    "Desc_ar": "صناعة المركبات الهوائية والفضائية"
  },
  {
    "code": "3040",
    "Desc_en": "Manufacture of military military vehicles",
    "Desc_ar": "صناعة المركبات العسكرية الحربية"
  },
  {
    "code": "3091",
    "Desc_en": "Industry",
    "Desc_ar": "صناعة"
  },
  {
    "code": "3092",
    "Desc_en": "Manufacture of ordinary bicycles and infirm vehicles",
    "Desc_ar": "صناعة الدراجات العادية ومركبات العجزة"
  },
  {
    "code": "3099",
    "Desc_en": "Other transportation equipment industry not classified elsewhere",
    "Desc_ar": "صناعة معدات النقل الاخرى غير المصنفة فى مواضع اخرى"
  },
  {
    "code": "3100",
    "Desc_en": "Furniture Industry",
    "Desc_ar": "صناعة الاثاث"
  },
  {
    "code": "3211",
    "Desc_en": "Manufacture of jewelry and related items",
    "Desc_ar": "صناعة المجوهرات والاصناف المتصلة بها"
  },
  {
    "code": "3212",
    "Desc_en": "Manufacture of imitation jewelry and related items",
    "Desc_ar": "صناعة المجوهرات المقلدة والاصناف المتصلة بها"
  },
  {
    "code": "3220",
    "Desc_en": "Musical instrument industry",
    "Desc_ar": "صناعة الالات الموسيقية"
  },
  {
    "code": "3230",
    "Desc_en": "Sports products industry",
    "Desc_ar": "صناعة المنتجات الرياضية"
  },
  {
    "code": "3240",
    "Desc_en": "Make games and play",
    "Desc_ar": "صناعة الالعاب واللعب"
  },
  {
    "code": "3250",
    "Desc_en": "Manufacturing of dental and medical equipment and tools",
    "Desc_ar": "صناعة المعدات والادوات الطبية والخاصة بالاسنان"
  },
  {
    "code": "3290",
    "Desc_en": "Other industries not classified elsewhere",
    "Desc_ar": "الصناعات الاخرى غير المصنفة فى مواضع اخرى"
  },
  {
    "code": "3311",
    "Desc_en": "Repair of manufactured metal products",
    "Desc_ar": "اصلاح المنتجات المعدنية المصنعة"
  },
  {
    "code": "3312",
    "Desc_en": "Machinery repair",
    "Desc_ar": "اصلاح الالات"
  },
  {
    "code": "3313",
    "Desc_en": "Repair of electronic and optical devices",
    "Desc_ar": "اصلاح الاجهزة الاليكترونية و البصرية"
  },
  {
    "code": "3314",
    "Desc_en": "Electronic devices repair",
    "Desc_ar": "اصلاح الاجهزة الاليكترونية"
  },
  {
    "code": "3315",
    "Desc_en": "Repair of transport devices, except for motor vehicles",
    "Desc_ar": "اصلاح اجهزة النقل باستثناء المركبات ذات المحركات"
  },
  {
    "code": "3319",
    "Desc_en": "Repair other devices",
    "Desc_ar": "اصلاح الاجهزة الاخرى"
  },
  {
    "code": "3320",
    "Desc_en": "Installation of industrial equipment and devices",
    "Desc_ar": "تركيب المعدات و الاجهزة الصناعية"
  },
  {
    "code": "3510",
    "Desc_en": "Electric generators, transformers and power distributors",
    "Desc_ar": "المولدات الكهربائية ومحولات وموزعات الكهرباء"
  },
  {
    "code": "3520",
    "Desc_en": "Manufacture of sulfur gas and distribution of gaseous fuels by means of main pipes",
    "Desc_ar": "صناعة غاز الاستصباح وتوزيع انواع الوقود الغازية عن طريق مواسير رئيسية"
  },
  {
    "code": "3530",
    "Desc_en": "Steam supply and air conditioning",
    "Desc_ar": "توريد البخار واجهزة تكييف الهواء"
  },
  {
    "code": "3600",
    "Desc_en": "Water collection, treatment and supply",
    "Desc_ar": "تجميع ومعالجة وتوريد المياة"
  },
  {
    "code": "3700",
    "Desc_en": "Sewer",
    "Desc_ar": "المجارى"
  },
  {
    "code": "3811",
    "Desc_en": "Collection of non-hazardous waste",
    "Desc_ar": "تجميع المخلفات غير الخطرة"
  },
  {
    "code": "3812",
    "Desc_en": "Collection of hazardous waste",
    "Desc_ar": "تجميع المخلفات الخطرة"
  },
  {
    "code": "3821",
    "Desc_en": "Treatment and disposal of non-hazardous waste",
    "Desc_ar": "معالجة والتصرف فى المخلفات غير الخطرة"
  },
  {
    "code": "3822",
    "Desc_en": "Treatment and disposal of hazardous waste",
    "Desc_ar": "معالجة والتصرف فى المخلفات الخطرة"
  },
  {
    "code": "3830",
    "Desc_en": "Material handling",
    "Desc_ar": "معالجة المواد"
  },
  {
    "code": "3900",
    "Desc_en": "Recycling activities and services and the disposal of other waste",
    "Desc_ar": "انشطة وخدمات اعادة التدوير والتصرف فى النفايات الاخرى"
  },
  {
    "code": "4100",
    "Desc_en": "Building constructions",
    "Desc_ar": "انشاءات المبانى"
  },
  {
    "code": "4210",
    "Desc_en": "Road and railway constructions",
    "Desc_ar": "الانشاءات الخاصة بالطرق والسكك الحديدية"
  },
  {
    "code": "4220",
    "Desc_en": "Construction for projects of public benefit",
    "Desc_ar": "الانشاءات الخاصة بالمشاريع ذات المنفعة العامة"
  },
  {
    "code": "4290",
    "Desc_en": "Construction for other civil engineering projects",
    "Desc_ar": "الانشاءات الخاصة بالمشاريع الهندسية المدنية الاخرى"
  },
  {
    "code": "4311",
    "Desc_en": "Remove the installations",
    "Desc_ar": "ازالة المنشات"
  },
  {
    "code": "4312",
    "Desc_en": "Preparing sites",
    "Desc_ar": "اعداد المواقع"
  },
  {
    "code": "4321",
    "Desc_en": "Electrical installations",
    "Desc_ar": "التركيبات الكهربائية"
  },
  {
    "code": "4322",
    "Desc_en": "Plumbing, heating and air-conditioning installations",
    "Desc_ar": "التركيبات الخاصة بالسباكة والتدفئة ومكيفات الهواء"
  },
  {
    "code": "4329",
    "Desc_en": "Other structural installations",
    "Desc_ar": "التركيبات الانشائية الاخرى"
  },
  {
    "code": "4330",
    "Desc_en": "Completion and finishing of buildings",
    "Desc_ar": "استكمال وتشطيب المبانى"
  },
  {
    "code": "4390",
    "Desc_en": "Other specialized construction activities",
    "Desc_ar": "انشطة الانشاءات المتخصصة الاخرى"
  },
  {
    "code": "4510",
    "Desc_en": "Sale of motor vehicles",
    "Desc_ar": "بيع المركبات ذات المحركات"
  },
  {
    "code": "4520",
    "Desc_en": "Maintenance and repair of motor vehicles",
    "Desc_ar": "صيانة واصلاح المركبات ذات المحركات"
  },
  {
    "code": "4530",
    "Desc_en": "Sale of motor vehicle parts and accessories",
    "Desc_ar": "بيع قطع غيار ومستلزمات المركبات ذات المحركات"
  },
  {
    "code": "4540",
    "Desc_en": "Sale, maintenance and repair of motorcycles, parts and accessories thereof",
    "Desc_ar": "بيع وصيانة واصلاح الدراجات النارية وقطع الغيار والمستلزمات الخاصة بها"
  },
  {
    "code": "4610",
    "Desc_en": "Wholesale trade on the basis of a contract or a fee",
    "Desc_ar": "تجارة الجملة على اساس عقد او نظير رسم"
  },
  {
    "code": "4620",
    "Desc_en": "Wholesale trade in agricultural raw materials and live animals",
    "Desc_ar": "تجارة الجملة الخاصة بالمواد الاولية الزراعية والحيوانات الحية"
  },
  {
    "code": "4630",
    "Desc_en": "Wholesale trade of food, beverages and tobacco",
    "Desc_ar": "تجارة الجملة الخاصة بالاغذية والمشرؤبات والتبغ"
  },
  {
    "code": "4641",
    "Desc_en": "Wholesale trade of clothes, fabrics and shoes",
    "Desc_ar": "تجارة الجملة الخاصة بالملابس والاقمشة والاحذية"
  },
  {
    "code": "4649",
    "Desc_en": "Wholesale trade for other household appliances",
    "Desc_ar": "تجارة الجملة الخاصة بالادوات المنزلية الاخرة"
  },
  {
    "code": "4651",
    "Desc_en": "Wholesale trade of computer hardware, accessories and computer software",
    "Desc_ar": "تجارة الجملة الخاصة باجهزة الكمبيوتر ومستلزماتها وبرامج الكمبيوتر"
  },
  {
    "code": "4652",
    "Desc_en": "Wholesale trade of electronic devices, communications devices and accessories",
    "Desc_ar": "تجارة الجملة الخاصة بالاجهزة الاليكترونية واجهزة الاتصالات ومستلزماتها"
  },
  {
    "code": "4653",
    "Desc_en": "Wholesale trade for agricultural equipment, machinery and supplies",
    "Desc_ar": "تجارة الجملة الخاصة بالمعدات والالات والتوريدات الزراعية"
  },
  {
    "code": "4659",
    "Desc_en": "Wholesale trade of equipment and other devices",
    "Desc_ar": "تجارة الجملة الخاصة بالمعدات والاجهزة الاخرى"
  },
  {
    "code": "4661",
    "Desc_en": "Wholesale trade of dry, liquid and gaseous fuels and related products",
    "Desc_ar": "تجارة الجملة الخاصة بالوقود الجاف والسائل والغازى والمنتجات المرتبطة بذلك"
  },
  {
    "code": "4662",
    "Desc_en": "Wholesale trade in precious metals and minerals",
    "Desc_ar": "تجارة الجملة الخاصة بالمعادن والمعادن النفيسة"
  },
  {
    "code": "4663",
    "Desc_en": "Wholesale trade, supplies and equipment for building materials, hardware, plumbing and heating appliances",
    "Desc_ar": "تجارة الجملة والتوريدات والاجهزة الخاصة بمواد البناء والادوات المعدنية والسباكة واجهزة التدفئة"
  },
  {
    "code": "4669",
    "Desc_en": "Wholesale trade for waste, waste and other products not classified elsewhere",
    "Desc_ar": "تجارة الجملة الخاصة بالنفايات والمخلفات والمنتجات الاخرى غير المصنفة فى مواضع اخرى"
  },
  {
    "code": "4690",
    "Desc_en": "Non-specialized wholesale trade",
    "Desc_ar": "تجارة الجملة غير المتخصصة"
  },
  {
    "code": "4711",
    "Desc_en": "Retail sale in non-specialized stores of food, beverages or tobacco",
    "Desc_ar": "البيع بالتجزئة بالمتاجر غير المتخصصة للاغذية والمشروبات اوالتبغ"
  },
  {
    "code": "4719",
    "Desc_en": "Other retail types in non-specialized stores",
    "Desc_ar": "انواع البيع بالتجزئةالاخرى بالمتاجر غير المتخصصة"
  },
  {
    "code": "4721",
    "Desc_en": "Retail sale in specialized food stores",
    "Desc_ar": "البيع بالتجزئة بالمتاجر المتخصصة للاغذية"
  },
  {
    "code": "4722",
    "Desc_en": "Retail sale in specialized stores for drinks",
    "Desc_ar": "البيع بالتجزئة بالمتاجر المتخصصة للمشروبات"
  },
  {
    "code": "4723",
    "Desc_en": "Retail sale in specialized stores of tobacco products",
    "Desc_ar": "البيع بالتجزئة بالمتاجر المتخصصة لمنتجات التبغ"
  },
  {
    "code": "4730",
    "Desc_en": "Retail sale of specialized vehicles for fuel",
    "Desc_ar": "البيع بالتجزئة بالاماكن المتخصصة لوقود المركبات"
  },
  {
    "code": "4741",
    "Desc_en": "Retail sale in stores specialized in computer hardware, accessories, computer software, and communications equipment",
    "Desc_ar": "البيع بالتجزئة بالمتاجر المتخصصة فى اجهزة الحاسب الالى ومستلزماتة وبرامج الكمبيوتر واجهزة الاتصالات"
  },
  {
    "code": "4751",
    "Desc_en": "Retail sale in clothing stores",
    "Desc_ar": "البيع بالتجزئة بالمتاجر المتخصصة فى الملابس"
  },
  {
    "code": "4752",
    "Desc_en": "Retail sale in specialized stores of hardware, paint and glass",
    "Desc_ar": "البيع بالتجزئة بالمتاجر المتخصصة للادوات المعدنية و الطلاء والزجاج"
  },
  {
    "code": "4753",
    "Desc_en": "Retail sale in specialized stores of carpets, blankets, wall and floor coverings",
    "Desc_ar": "البيع بالتجزئة بالمتاجر المتخصصة للسجاد والبطاطين واغطية الحوائط والارضيات"
  },
  {
    "code": "4759",
    "Desc_en": "Retail sale in specialized stores of household electrical appliances, furniture, lighting equipment and other household appliances",
    "Desc_ar": "البيع بالتجزئة بالمتاجر المتخصصة للاجهزة الكهربائية المنزلية والاثاث واجخزة الانارة والادوات المنزلية الاخرى"
  },
  {
    "code": "4761",
    "Desc_en": "Retail sale in specialized stores of books, newspapers, and stationery",
    "Desc_ar": "البيع بالتجزئة بالمتاجر المتخصصة للكتب والصحف والادوات المكتبية"
  },
  {
    "code": "4762",
    "Desc_en": "Retail sale in specialized stores of music and video recordings",
    "Desc_ar": "البيع بالتجزئة بالمتاجر المتخصصة للتسجيلاتالموسشيقية والمرئية"
  },
  {
    "code": "4763",
    "Desc_en": "Retail sale in specialized stores of sports equipment",
    "Desc_ar": "البيع بالتجزئة بالمتاجر المتخصصة للادوات الرياضية"
  },
  {
    "code": "4764",
    "Desc_en": "Retail sale in specialized games and toys stores",
    "Desc_ar": "البيع بالتجزئة بالمتاجر المتخصصة للالعاب واللعب"
  },
  {
    "code": "4771",
    "Desc_en": "Retail sale in specialized stores of shoes, clothing and leather products",
    "Desc_ar": "البيع بالتجزئة بالمتاجر المتخصصة للاحذية والملابس والمنتجات الجلدية"
  },
  {
    "code": "4772",
    "Desc_en": "Retail sale in specialized stores of pharmaceutical, medical and pharmaceutical products, ornamental and cosmetic products",
    "Desc_ar": "البيع بالتجزئة بالمتاجر المتخصصة للمنتجات والعقاقير الصيدلانية والطبية وادوات الزينة والمنتجات التجميلية"
  },
  {
    "code": "4773",
    "Desc_en": "Retail sale in specialized stores of other new products",
    "Desc_ar": "البيع بالتجزئة بالمتاجر المتخصصة للمنتجات الجديدة الاخرى"
  },
  {
    "code": "4774",
    "Desc_en": "Retail sale of used products",
    "Desc_ar": "البيع بالتجزئة للمنتجات المستعملة"
  },
  {
    "code": "4781",
    "Desc_en": "Retail sale through kiosks and markets of food, soft drinks and tobacco products",
    "Desc_ar": "البيع بالتجزئة من خلال الاكشاك والاسواق للمواد الغذائية والمشروبات الخفيفة ومنتجات التبغ"
  },
  {
    "code": "4782",
    "Desc_en": "Retail sale through kiosks and markets of clothes, fabrics and shoes",
    "Desc_ar": "البيع بالتجزئة من خلال الاكشاك والاسواق للملابس والاقمشة والاحذية"
  },
  {
    "code": "4789",
    "Desc_en": "Retail sale via stalls of other products",
    "Desc_ar": "البيع بالتجزئة من خلال الاكشاك للمنتجات الاخرى"
  },
  {
    "code": "4742",
    "Desc_en": "Retail sale in stores specialized in audio-visual equipment",
    "Desc_ar": "البيع بالتجزئة بالمتاجر المتخصصة فى الاجهزة السمعية والبصرية"
  },
  {
    "code": "4791",
    "Desc_en": "Retail sale via mail requests or through the Internet",
    "Desc_ar": "البيع بالتجزئة عبر طلبات البريد او من خلال الانترنت"
  },
  {
    "code": "4799",
    "Desc_en": "Other types of retail sales that do not take place in stores, kiosks or markets",
    "Desc_ar": "انواع البيع بالتجزئةالاخرى التى لاتتم بالنتاجر او الاكشاك او الاسواق"
  },
  {
    "code": "4911",
    "Desc_en": "Inland passenger transportation",
    "Desc_ar": "النقل الداخلى للركاب"
  },
  {
    "code": "4912",
    "Desc_en": "Shipping by rail",
    "Desc_ar": "الشحن عن طريق السكك الحديدية"
  },
  {
    "code": "4921",
    "Desc_en": "Transporting land passengers outside and inside cities",
    "Desc_ar": "نقل الركاب البرى خارج وداخل المدن"
  },
  {
    "code": "4922",
    "Desc_en": "Other types of passenger transport by land",
    "Desc_ar": "انواع نقل الركاب البرية الاخرى"
  },
  {
    "code": "4923",
    "Desc_en": "Land transportation of goods by bus",
    "Desc_ar": "النقل البرى للبضائع عن طريق الحافلات"
  },
  {
    "code": "4930",
    "Desc_en": "Pipeline transportation",
    "Desc_ar": "النقل عبر خطوط الانابيب"
  },
  {
    "code": "5011",
    "Desc_en": "Transportation of marine and coastal passengers",
    "Desc_ar": "نقل الركاب البحرى والساحلى"
  },
  {
    "code": "5012",
    "Desc_en": "Marine and coastal cargo transportation",
    "Desc_ar": "نقل البضائع البحرى والساحلى"
  },
  {
    "code": "5021",
    "Desc_en": "Inland passenger water transport",
    "Desc_ar": "النقل الداخلى المائى للركاب"
  },
  {
    "code": "5022",
    "Desc_en": "Inland water transport of goods",
    "Desc_ar": "النقل الداخلى المائى للبضائع"
  },
  {
    "code": "5110",
    "Desc_en": "Air transport of passengers",
    "Desc_ar": "النقل الجوى للركاب"
  },
  {
    "code": "5120",
    "Desc_en": "Air freight transport",
    "Desc_ar": "النقل الجوى للبضائع"
  },
  {
    "code": "5210",
    "Desc_en": "Keep and store",
    "Desc_ar": "الاحتفاظ والتخزين"
  },
  {
    "code": "5221",
    "Desc_en": "Service activities related to road transport",
    "Desc_ar": "انشطة الخدمات المتصلة بالنقل البرى"
  },
  {
    "code": "5222",
    "Desc_en": "Emergency service activities related to maritime transport",
    "Desc_ar": "انشطة الخدمات الطارئة المتصلة بالنقل البحرى"
  },
  {
    "code": "5223",
    "Desc_en": "Emergency service activities related to air transport",
    "Desc_ar": "انشطة الخدمات الطارئة المتصلة بالنقل الجوى"
  },
  {
    "code": "5224",
    "Desc_en": "Cargo handling",
    "Desc_ar": "مناولة البضائع"
  },
  {
    "code": "5229",
    "Desc_en": "Other activities in support of the transfer",
    "Desc_ar": "الانشطة الاخرى الداعمة للنقل"
  },
  {
    "code": "5310",
    "Desc_en": "Mail activities",
    "Desc_ar": "انشطة البريد"
  },
  {
    "code": "5320",
    "Desc_en": "Parcel delivery activities",
    "Desc_ar": "انشطة تسليم الطرود"
  },
  {
    "code": "5510",
    "Desc_en": "Short-term placement activities (rental - housing",
    "Desc_ar": "انشطة التسكين قصيرة المدة"
  },
  {
    "code": "5520",
    "Desc_en": "Campgrounds, parking lots, and locomotives",
    "Desc_ar": "اراضى المخيمات ومواقف مركبات التنزهة والقاطرات"
  },
  {
    "code": "5590",
    "Desc_en": "Other types of placement",
    "Desc_ar": "انواع التسكين الاخرى"
  },
  {
    "code": "5610",
    "Desc_en": "Restaurant service and food delivery activities by mobile means",
    "Desc_ar": "انشطة خدمات المطاعم وتوصيل الطعام بالوسائل المتحركة"
  },
  {
    "code": "5621",
    "Desc_en": "Event catering",
    "Desc_ar": "تقديم الطعام بالمناسبات"
  },
  {
    "code": "5629",
    "Desc_en": "Other catering services activities",
    "Desc_ar": "انشطة خدمات تقديم الطعام الاخرى"
  },
  {
    "code": "5630",
    "Desc_en": "Light beverage service activities",
    "Desc_ar": "انشطة خدمات تقديم المشروبات الخفيفة"
  },
  {
    "code": "5811",
    "Desc_en": "Publishing books",
    "Desc_ar": "نشر الكتب"
  },
  {
    "code": "5812",
    "Desc_en": "Publish the directory and address lists",
    "Desc_ar": "نشر الدليل وقوائم العناوين"
  },
  {
    "code": "5813",
    "Desc_en": "Publishing newspapers, magazines and periodicals",
    "Desc_ar": "نشر الصحف والمجلات والدوريات"
  },
  {
    "code": "5819",
    "Desc_en": "Other publishing activities",
    "Desc_ar": "انشطة النشر الاخرى"
  },
  {
    "code": "5820",
    "Desc_en": "Computer Software Publishing",
    "Desc_ar": "نشر برامج الحاسب الالى"
  },
  {
    "code": "5911",
    "Desc_en": "Film, video and television program production activities",
    "Desc_ar": "انشطة انتاج الافلام السينمائية والفيديو وبرامج التليفزيون"
  },
  {
    "code": "5912",
    "Desc_en": "Subsequent activities for the production of movies, videos and television programs",
    "Desc_ar": "الانشطة الاحقة لانتاج الافلام السينمائية والفيديو وبرامج التليفزيون"
  },
  {
    "code": "5913",
    "Desc_en": "Motion picture, video and television program distribution activities",
    "Desc_ar": "انشطة توزيع الافلام السينمائية والفيديو وبرامج التليفزيون"
  },
  {
    "code": "5914",
    "Desc_en": "Film screening activities",
    "Desc_ar": "انشطة عرض الافلام السينمائية"
  },
  {
    "code": "5920",
    "Desc_en": "Production and publishing of sound and music recordings",
    "Desc_ar": "انشطة انتاج ونشر التسجيلات الصوتية والموسيقية"
  },
  {
    "code": "6010",
    "Desc_en": "Broadcasting over radio stations",
    "Desc_ar": "البث عبر محطات الراديو"
  },
  {
    "code": "6020",
    "Desc_en": "Television program preparation and broadcast activities",
    "Desc_ar": "انشطة اعداد برامج التليفزيون وبثها"
  },
  {
    "code": "6110",
    "Desc_en": "Wired telecommunications activities",
    "Desc_ar": "انشطة الاتصالات السلكية"
  },
  {
    "code": "6120",
    "Desc_en": "Wireless communication activities",
    "Desc_ar": "انشطة الاتصالات اللاسلكية"
  },
  {
    "code": "6130",
    "Desc_en": "Satellite communication activities",
    "Desc_ar": "انشطة الاتصالات عبر الاقمار الصناعية"
  },
  {
    "code": "6190",
    "Desc_en": "Other telecommunications activities",
    "Desc_ar": "انشطة الاتصالات السلكية و اللاسلكية الاخرى"
  },
  {
    "code": "6201",
    "Desc_en": "Computer program preparation activities",
    "Desc_ar": "انشطة اعداد برامج الحاسب الالى"
  },
  {
    "code": "6202",
    "Desc_en": "Computer consultancy experience and facilities management activities related to computer fields",
    "Desc_ar": "الخبرة الاستشارية فى مجال الحاسب الالى وانشطة ادارة التسهيلات المتصلة بمجالات الحاسب الالى"
  },
  {
    "code": "6209",
    "Desc_en": "Other activities related to information technology and computer services",
    "Desc_ar": "الانشطة الاخرى المتصلة بتكنولوجيا المعلومات وخدمات الحاسب الالى"
  },
  {
    "code": "6311",
    "Desc_en": "Data processing, hosting and related activities",
    "Desc_ar": "معالجة البيانات والاستضافة والانشطة المتصلة بذلك"
  },
  {
    "code": "6312",
    "Desc_en": "Electronic portals",
    "Desc_ar": "البوابات الاليكترونية"
  },
  {
    "code": "6391",
    "Desc_en": "Activities of press agencies",
    "Desc_ar": "انشطة الوكالات الصحفية"
  },
  {
    "code": "6399",
    "Desc_en": "Other activities for information services that are not classified in other locations",
    "Desc_ar": "الانشطة الاخرى لخدمات تقديم المعلومات غير المصنفة فى مواقع اخرى"
  },
  {
    "code": "6411",
    "Desc_en": "Central banks",
    "Desc_ar": "المصارف المركزية"
  },
  {
    "code": "6419",
    "Desc_en": "Other financial intermediaries",
    "Desc_ar": "الوساطات المالية الاخرى"
  },
  {
    "code": "6420",
    "Desc_en": "Activities of holding companies",
    "Desc_ar": "انشطة الشركات القابضة"
  },
  {
    "code": "6430",
    "Desc_en": "Credit activities, provision of credits, and similar financial entities",
    "Desc_ar": "انشطةالائتمان وتوفير الاعتمادات والكيانات المالية المشابهة"
  },
  {
    "code": "6491",
    "Desc_en": "Financial leasing",
    "Desc_ar": "التاجير المالى"
  },
  {
    "code": "6492",
    "Desc_en": "Other forms of loans granted",
    "Desc_ar": "اشكال القروض الممنوحة الاخرى"
  },
  {
    "code": "6499",
    "Desc_en": "Other financial services activities, with the exception of insurance and credit provision activities for pensions not classified in other locations",
    "Desc_ar": "انشطة الخدمات المالية الاخرى , باستثناء التامين وانشطة توفير الاعتمادات للمعاشات التقاعدية غير المصنفة فى مواقع اخرى"
  },
  {
    "code": "6511",
    "Desc_en": "life insurance",
    "Desc_ar": "التامين على الحياة"
  },
  {
    "code": "6512",
    "Desc_en": "Non-life insurance",
    "Desc_ar": "التامين على غير الحياة"
  },
  {
    "code": "6520",
    "Desc_en": "re Insurance",
    "Desc_ar": "اعادة التامين"
  },
  {
    "code": "6530",
    "Desc_en": "Providing credits for pensions",
    "Desc_ar": "توفير الاعتمادات للمعاشات التقاعدية"
  },
  {
    "code": "6611",
    "Desc_en": "Financial markets management",
    "Desc_ar": "ادارة الاسواق المالية"
  },
  {
    "code": "6612",
    "Desc_en": "Security and commodity contracts brokerage",
    "Desc_ar": "الامن وسمسرة عقود السلع"
  },
  {
    "code": "6619",
    "Desc_en": "Auxiliary activities for financial services",
    "Desc_ar": "الانشطة المساعدة للخدمات المالية"
  },
  {
    "code": "6621",
    "Desc_en": "Risk and damage assessment",
    "Desc_ar": "تقدير المخاطر والتلفيات"
  },
  {
    "code": "6622",
    "Desc_en": "Activities of insurance and brokerage agents",
    "Desc_ar": "انشطة وكلاء التامين والسمسرة"
  },
  {
    "code": "6629",
    "Desc_en": "Other activities auxiliary to insurance and provision for pensions",
    "Desc_ar": "الانشطة الاخرى المساعدة للتامين وتوفير الاعتمادات للمعاشات التقاعدية"
  },
  {
    "code": "6630",
    "Desc_en": "Financial credit management activities",
    "Desc_ar": "انشطة ادارة الاعتمادات المالية"
  },
  {
    "code": "6810",
    "Desc_en": "Real estate activities with own or leased property",
    "Desc_ar": "الانشطة العقارية فى الممتلكات المملوكة او المؤجرة"
  },
  {
    "code": "6820",
    "Desc_en": "Real estate activities on the basis of a contract or a fee",
    "Desc_ar": "الانشطة العقارية على اساس عقد او نظير رسم"
  },
  {
    "code": "6910",
    "Desc_en": "Legal activities",
    "Desc_ar": "الانشطة القانونية"
  },
  {
    "code": "6920",
    "Desc_en": "Accounting, auditing, bookkeeping and tax advice activities",
    "Desc_ar": "الانشطة المحاسبية والمراجعة ومسك الدفاتر والاستشارات الضرائبية"
  },
  {
    "code": "7010",
    "Desc_en": "The main office activities",
    "Desc_ar": "انشطة المكاتب الرئيسية"
  },
  {
    "code": "7020",
    "Desc_en": "Management consultancy activities",
    "Desc_ar": "الانشطة الاستشارية الخاصة بالادارة"
  },
  {
    "code": "7110",
    "Desc_en": "Architectural and engineering activities and related technical consulting",
    "Desc_ar": "الانشطة المعمارية والهندسية و الاستشارات الفنية المتصلة بذلك"
  },
  {
    "code": "7120",
    "Desc_en": "Technical tests and analyzes",
    "Desc_ar": "الاختبارات والتحليلات الفنية"
  },
  {
    "code": "7210",
    "Desc_en": "Research and experimental development in the field of natural and engineering sciences",
    "Desc_ar": "البحث والتطوير التجريبى فى مجال العلوم الطبيعية والهندسية"
  },
  {
    "code": "7220",
    "Desc_en": "Experimental research and development in the field of social and human sciences",
    "Desc_ar": "البحث والتطوير التجريبى فى مجال العلوم الاجتماعية والانسانية"
  },
  {
    "code": "7310",
    "Desc_en": "Advertising",
    "Desc_ar": "الاعلان"
  },
  {
    "code": "7320",
    "Desc_en": "Market studies and public opinion polls",
    "Desc_ar": "دراسات السوق واستطلاعات الراى العام"
  },
  {
    "code": "7410",
    "Desc_en": "Specialized design activities",
    "Desc_ar": "انشطة التصميمات المتخصصة"
  },
  {
    "code": "7420",
    "Desc_en": "Photographic activities",
    "Desc_ar": "الانشطة الفوتوغرافية"
  },
  {
    "code": "7490",
    "Desc_en": "Other specialized, scientific and artistic activities not classified elsewhere",
    "Desc_ar": "الانشطة الاخرى التخصصية والعلمية والفنية غير المصنفة فى مواضع اخرى"
  },
  {
    "code": "7500",
    "Desc_en": "Veterinary activities",
    "Desc_ar": "الانشطة البيطرية"
  },
  {
    "code": "7710",
    "Desc_en": "Renting motor vehicles",
    "Desc_ar": "تاجيرواستئجار المركبات ذات المحركات"
  },
  {
    "code": "7721",
    "Desc_en": "Renting and renting sports and leisure products and tools",
    "Desc_ar": "تاجير واستئجار منتجات والادوات الرياضية والترفيهية"
  },
  {
    "code": "7722",
    "Desc_en": "Rental of video tapes and CDs",
    "Desc_ar": "تاجير شرائط واسطوانات الفيديو"
  },
  {
    "code": "7729",
    "Desc_en": "Renting and renting other personal and household products",
    "Desc_ar": "تاجيرواستئجار المنتجات الشخصية والمنزلية الاخرى"
  },
  {
    "code": "7730",
    "Desc_en": "Renting and leasing of other physical devices and equipment",
    "Desc_ar": "تاجير واستئجار الاجهزة والمعدات المادية الاخرى"
  },
  {
    "code": "7740",
    "Desc_en": "Rent forms of intellectual property and similar products, except for copyright works",
    "Desc_ar": "استئجار اشكال الملكية الفكرية والمنتجات المشابهة باستثناء اعمال حقوق المؤلف"
  },
  {
    "code": "7810",
    "Desc_en": "Activities of recruitment and appointment agencies",
    "Desc_ar": "انشطة وكالات التوظيف والتعيين"
  },
  {
    "code": "7820",
    "Desc_en": "Activities of temporary employment agencies",
    "Desc_ar": "انشطة وكالات التوظيف المؤقت"
  },
  {
    "code": "7830",
    "Desc_en": "Providing other human resources",
    "Desc_ar": "توفير المصادر البشرية الاخرى"
  },
  {
    "code": "7911",
    "Desc_en": "Tourism agency services",
    "Desc_ar": "خدمات وكالات السياحة"
  },
  {
    "code": "7912",
    "Desc_en": "Activities of tour guides",
    "Desc_ar": "انشطة المرشدين السياحيين"
  },
  {
    "code": "7990",
    "Desc_en": "Other types of reservations and related activities",
    "Desc_ar": "انواع الحجوزات الاخرى والانشط المتصلة بذلك"
  },
  {
    "code": "8010",
    "Desc_en": "Private security activities",
    "Desc_ar": "انشطة الامن الخاص"
  },
  {
    "code": "8020",
    "Desc_en": "Security systems services activities",
    "Desc_ar": "انشطة خدمات انظمة الامن"
  },
  {
    "code": "8030",
    "Desc_en": "Investigation activities",
    "Desc_ar": "انشطة التحرى"
  },
  {
    "code": "8110",
    "Desc_en": "Support activities for joint facilities",
    "Desc_ar": "انشطة دعم التسهيلات المشتركة"
  },
  {
    "code": "8121",
    "Desc_en": "General cleaning of buildings",
    "Desc_ar": "النظافة العامة للمبانى"
  },
  {
    "code": "8129",
    "Desc_en": "Building cleaning activities and other industrial facilities",
    "Desc_ar": "انشطة تنظيف المبانى والمنشات الصناعية الاخرى"
  },
  {
    "code": "8130",
    "Desc_en": "Gardening services and maintenance activities",
    "Desc_ar": "انشطة خدمات رعاية وصيانة الحدائق"
  },
  {
    "code": "8211",
    "Desc_en": "Joint office support services activities",
    "Desc_ar": "انشطة خدمات الدعم المكتبية المشتركة"
  },
  {
    "code": "8219",
    "Desc_en": "Photocopying, document processing and other specialized office support services activities",
    "Desc_ar": "النسخ وتجهيز المستندات وانشطة خدمات الدعم المكتبية المتخصصة الاخرى"
  },
  {
    "code": "8220",
    "Desc_en": "Information center services",
    "Desc_ar": "خدمات مراكز الاستعلامات"
  },
  {
    "code": "8230",
    "Desc_en": "Organizing trade conferences and exhibitions",
    "Desc_ar": "تنظيم المؤتمرات والمعارض التجارية"
  },
  {
    "code": "8291",
    "Desc_en": "Activities of collection agencies and lending offices",
    "Desc_ar": "انشطة وكالات التحصيل ومكاتب الاقراض"
  },
  {
    "code": "8292",
    "Desc_en": "Packaging activities",
    "Desc_ar": "انشطة التغليف"
  },
  {
    "code": "8299",
    "Desc_en": "Other support services activities that are not classified in other locations",
    "Desc_ar": "انشطة خدمات الدعم الاخرى الخاصة بالاعمال التجارية غير المصنفة فى مواضع اخرى"
  },
  {
    "code": "8411",
    "Desc_en": "Public administration activities",
    "Desc_ar": "انشطة الادارات العامة"
  },
  {
    "code": "8412",
    "Desc_en": "Organizing activities to provide health care, education, educational services and other social services, with the exception of social security",
    "Desc_ar": "تنظيم انشطة تقديم العناية الصحية والتعليم والخدمات التثقيفية والخدمات الاجتماعية الاخرى باستثناء الضمان الاجتماعى"
  },
  {
    "code": "8413",
    "Desc_en": "Organize and contribute to effective business operations",
    "Desc_ar": "تنظيم والمساهمة فى عمليات الاعمال التجارية الفعالة"
  },
  {
    "code": "8421",
    "Desc_en": "Foreign affairs",
    "Desc_ar": "الشئون الخارجية"
  },
  {
    "code": "8422",
    "Desc_en": "Defense activities",
    "Desc_ar": "انشطة الدفاع"
  },
  {
    "code": "8423",
    "Desc_en": "Security and public order activities",
    "Desc_ar": "انشطة الامن والنظام العام"
  },
  {
    "code": "8430",
    "Desc_en": "Compulsory social insurance activities",
    "Desc_ar": "انشطة التامين الاجتماعى الاجبارى"
  },
  {
    "code": "8510",
    "Desc_en": "Primary and pre-primary education",
    "Desc_ar": "التعليم الابتدائى وقبل الابتدائى"
  },
  {
    "code": "8521",
    "Desc_en": "General secondary education",
    "Desc_ar": "التعليم الثانوى العام"
  },
  {
    "code": "8522",
    "Desc_en": "Technical and vocational secondary education",
    "Desc_ar": "التعليم الثانوى الفنى والهنى"
  },
  {
    "code": "8530",
    "Desc_en": "Higher Education",
    "Desc_ar": "التعليم العالى"
  },
  {
    "code": "8541",
    "Desc_en": "Sports and rehabilitation education",
    "Desc_ar": "التعليم الرياضى والتاهيلى"
  },
  {
    "code": "8542",
    "Desc_en": "Cultural education",
    "Desc_ar": "التعليم الثقافى"
  },
  {
    "code": "8549",
    "Desc_en": "Other types of education not classified elsewhere",
    "Desc_ar": "انواع التعليم الاخرى غير المصنفة فى مواضع اخرى"
  },
  {
    "code": "8550",
    "Desc_en": "Activities in support of education",
    "Desc_ar": "الانشطة الداعمة للتعليم"
  },
  {
    "code": "8610",
    "Desc_en": "Hospital activities",
    "Desc_ar": "انشطة المستشفيات"
  },
  {
    "code": "8620",
    "Desc_en": "Activities related to medicine and dentistry",
    "Desc_ar": "الانشطة المتصلة بالطب وطب الاسنان"
  },
  {
    "code": "8690",
    "Desc_en": "Other activities related to human health",
    "Desc_ar": "الانشطة الاخرى المتصلة بصحة الانسان"
  },
  {
    "code": "8710",
    "Desc_en": "Nursing facilities for sanatoriums",
    "Desc_ar": "تسهيلات العناية بالتمريض بالمصحات"
  },
  {
    "code": "8720",
    "Desc_en": "Nursing care facilities for special needs clinics, mental illnesses and physical abuse",
    "Desc_ar": "تسهيلات العناية بالتمريض بالمصحات الخاصة بذوى الاحتياجات الخاصة والامراض العقلية والانتهاكات البدنية"
  },
  {
    "code": "8730",
    "Desc_en": "Spa facilities for the elderly and disabled",
    "Desc_ar": "تسهيلات العناية بالمصحات الخاصة بالعجائز والمقعدين"
  },
  {
    "code": "8790",
    "Desc_en": "Other spa care facilities",
    "Desc_ar": "تسهيلات العناية الاخرى بالمصحات"
  },
  {
    "code": "8810",
    "Desc_en": "Social work activities for the infirm and disabled that take place without accommodation",
    "Desc_ar": "انشطة الاعمال الاجتماعية للعجزة والمقعدين التى تتم بدون اقامة"
  },
  {
    "code": "8890",
    "Desc_en": "Other social business activities that take place without residence",
    "Desc_ar": "انشطة الاعمال الاجتماعية الاخرى التى تتم بدون اقامة"
  },
  {
    "code": "9000",
    "Desc_en": "Creative and recreational art activities",
    "Desc_ar": "انشطة الفن الابداعى والترفية"
  },
  {
    "code": "9101",
    "Desc_en": "Library and archive activities",
    "Desc_ar": "انشطة المكتبات والارشيف"
  },
  {
    "code": "9102",
    "Desc_en": "Museum activities and restoration of historic sites and buildings",
    "Desc_ar": "انشطة المتاحف وعمليات ترميم المواقع والمبانى التاريخية"
  },
  {
    "code": "9103",
    "Desc_en": "Botanical and zoological gardens and natural wildlife activities",
    "Desc_ar": "حدائق النباتات والحيوانات وانشطة الحياة البرية الطبيعية"
  },
  {
    "code": "9200",
    "Desc_en": "Betting activities and gambling",
    "Desc_ar": "انشطة المراهنات والعاب القمار"
  },
  {
    "code": "9311",
    "Desc_en": "Providing sports facilities",
    "Desc_ar": "توفير التسهيلات الرياضية"
  },
  {
    "code": "9312",
    "Desc_en": "Sports club activities",
    "Desc_ar": "انشطة النوادى الرياضية"
  },
  {
    "code": "9319",
    "Desc_en": "Other sports activities",
    "Desc_ar": "الانشطة الرياضية الاخرى"
  },
  {
    "code": "9321",
    "Desc_en": "Recreational activities and performances in parks",
    "Desc_ar": "الانشطة الترفيهية والعروض التى تتم بالمتنزهات"
  },
  {
    "code": "9329",
    "Desc_en": "Other leisure and entertainment activities not classified elsewhere",
    "Desc_ar": "الانشطة الترفيهية والمسلية الاخرى غير المصنفة فى مواضع اخرى"
  },
  {
    "code": "9411",
    "Desc_en": "The activities of commercial enterprises, employers and professional membership organizations",
    "Desc_ar": "انشطة المؤسسات التجارية وارباب العمل ومنظمات العضوية المهنية"
  },
  {
    "code": "9412",
    "Desc_en": "Activities of professional membership organizations",
    "Desc_ar": "انشطة منظمات العضوية المهنية"
  },
  {
    "code": "9420",
    "Desc_en": "Trade union activities",
    "Desc_ar": "انشطة النقابات التجارية"
  },
  {
    "code": "9491",
    "Desc_en": "Activities of religious organizations",
    "Desc_ar": "انشطة المنظمات الدينية"
  },
  {
    "code": "9492",
    "Desc_en": "Activities of political organizations",
    "Desc_ar": "انشطة المنظمات السياسية"
  },
  {
    "code": "9499",
    "Desc_en": "Activities of other membership organizations not classified elsewhere",
    "Desc_ar": "انشطة المنظمات الاخرى ذات العضوية غير المصنفة فى مواضع اخرى"
  },
  {
    "code": "9511",
    "Desc_en": "Computer repair and accessories",
    "Desc_ar": "اصلاح الحاسبات الالية ومستلزماتها"
  },
  {
    "code": "9512",
    "Desc_en": "Communication equipment repair",
    "Desc_ar": "اصلاح اجهزة الاتصالات"
  },
  {
    "code": "9521",
    "Desc_en": "Electronic devices repair",
    "Desc_ar": "اصلاح الاجهزة الاليكترونية"
  },
  {
    "code": "9522",
    "Desc_en": "Repair of tools, household appliances, and garden care equipment",
    "Desc_ar": "اصلاح الادوات والاجهزة المنزلية ومعدات العناية بالحدائق"
  },
  {
    "code": "9523",
    "Desc_en": "Shoe and leather products repair",
    "Desc_ar": "اصلاح الاحذية والمنتجات الجلدية"
  },
  {
    "code": "9524",
    "Desc_en": "Repair of furniture and household items",
    "Desc_ar": "اصلاح الاثاث والمستلزمات المنزلية"
  },
  {
    "code": "9529",
    "Desc_en": "Repair of other household and personal products",
    "Desc_ar": "اصلاح المنتجات المنزلية والشخصية الاخرى"
  },
  {
    "code": "9601",
    "Desc_en": "Wash and clean textile and fur products",
    "Desc_ar": "غسيل المنسوجات والمنتجات الفرائية وتنظيفها تنظيفا جافا"
  },
  {
    "code": "9602",
    "Desc_en": "Hair styling and other cosmetics",
    "Desc_ar": "تصفيف الشعر وانواع التجميل الاخرى"
  },
  {
    "code": "9603",
    "Desc_en": "Funeral and related activities",
    "Desc_ar": "انشطة الجنائز وما يتصل بها"
  },
  {
    "code": "9609",
    "Desc_en": "Other personal services activities not classified elsewhere",
    "Desc_ar": "انشطة الخدمات الشخصية الاخرى غير المصنفة فى مواضع اخرى"
  },
  {
    "code": "9700",
    "Desc_en": "Home employment activities",
    "Desc_ar": "انشطة توظيف العمالة المنزلية"
  },
  {
    "code": "9810",
    "Desc_en": "Activities of producing unearthed products and services for home appliances for personal use",
    "Desc_ar": "انشطة انتاج المنتجات والخدمات غير المتميزة الخاصة بالاجهزة المنزلية للاستخدام الشخصى"
  },
  {
    "code": "9820",
    "Desc_en": "Activities of producing unearthed products and services for home appliances for personal use",
    "Desc_ar": "انشطة انتاج المنتجات والخدمات غير المتميزة الخاصة بالاجهزة المنزلية للاستخدام الشخصى"
  },
  {
    "code": "9900",
    "Desc_en": "Activities of non-regional organizations and bodies",
    "Desc_ar": "انشطة المنظمات والهيئات غير الاقليمية"
  }
]