{
	"id": "9c606136-5209-4f07-a426-2bcf848814c1",
	"name": "EEI - UAT Env",
	"values": [
		{
			"key": "apiBaseUrl",
			"value": "https://api.preprod.invoicing.eta.gov.eg",
			"enabled": true
		},
		{
			"key": "idSrvBaseUrl",
			"value": "https://id.preprod.eta.gov.eg",
			"enabled": true
		},
		{
			"key": "clientId",
			"value": "ef9c4f00-2c78-4972-a1e6-ceb938ac1956",
			"enabled": true
		},
		{
			"key": "clientSecret",
			"value": "0c5c0577-0d09-4ad1-be11-6bfa74c7b5ae",
			"enabled": true
		},
		{
			"key": "generatedAccessToken",
			"value": "",
			"enabled": true
		}
	],
	"_postman_variable_scope": "environment",
	"_postman_exported_at": "2020-09-12T16:43:35.016Z",
	"_postman_exported_using": "Postman/7.31.1"
}