{
	"id": "4fb77010-941e-4cf7-a051-0b3f12e5b11d",
	"name": "EEI - PRD Env",
	"values": [
		{
			"key": "apiBaseUrl",
			"value": "https://api.invoicing.eta.gov.eg",
			"enabled": true
		},
		{
			"key": "idSrvBaseUrl",
			"value": "https://id.eta.gov.eg",
			"enabled": true
		},
		{
			"key": "clientId",
			"value": "",
			"enabled": true
		},
		{
			"key": "clientSecret",
			"value": "",
			"enabled": true
		},
		{
			"key": "generatedAccessToken",
			"value": "",
			"enabled": true
		}
	],
	"_postman_variable_scope": "environment",
	"_postman_exported_at": "2020-09-12T16:43:35.016Z",
	"_postman_exported_using": "Postman/7.31.1"
}