[
  {
    "Code": "V001",
    "Desc_en": "Export",
    "Desc_ar": "تصدير للخارج",
    "TaxtypeReference": "T1"
  },
  {
    "Code": "V002",
    "Desc_en": "Export to free areas and other areas",
    "Desc_ar": "تصدير مناطق حرة وأخرى",
    "TaxtypeReference": "T1"
  },
  {
    "Code": "V003",
    "Desc_en": "Exempted good or service",
    "Desc_ar": "سلعة أو خدمة معفاة",
    "TaxtypeReference": "T1"
  },
  {
    "Code": "V004",
    "Desc_en": "A non-taxable good or service",
    "Desc_ar": "سلعة أو خدمة غير خاضعة للضريبة",
    "TaxtypeReference": "T1"
  },
  {
    "Code": "V005",
    "Desc_en": "Exemptions for diplomats, consulates and embassies",
    "Desc_ar": "إعفاءات دبلوماسين والقنصليات والسفارات",
    "TaxtypeReference": "T1"
  },
  {
    "Code": "V006",
    "Desc_en": "Defence and National security Exemptions",
    "Desc_ar": "إعفاءات الدفاع والأمن القومى",
    "TaxtypeReference": "T1"
  },
  {
    "Code": "V007",
    "Desc_en": "Agreements exemptions",
    "Desc_ar": "إعفاءات اتفاقيات",
    "TaxtypeReference": "T1"
  },
  {
    "Code": "V008",
    "Desc_en": "Special Exemptios and other reasons",
    "Desc_ar": "إعفاءات خاصة و أخرى",
    "TaxtypeReference": "T1"
  },
  {
    "Code": "V009",
    "Desc_en": "General Item sales",
    "Desc_ar": "سلع عامة",
    "TaxtypeReference": "T1"
  },
  {
    "Code": "V010",
    "Desc_en": "Other Rates",
    "Desc_ar": "نسب ضريبة أخرى",
    "TaxtypeReference": "T1"
  },
  {
    "Code": "Tbl01",
    "Desc_en": "Table tax (percentage)",
    "Desc_ar": "ضريبه الجدول (نسبيه)",
    "TaxtypeReference": "T2"
  },
  {
    "Code": "Tbl02",
    "Desc_en": "Table tax (Fixed Amount)",
    "Desc_ar": "ضريبه الجدول (النوعية)",
    "TaxtypeReference": "T2"
  },
  {
    "Code": "W001",
    "Desc_en": "Contracting and supplies",
    "Desc_ar": "المقاولات والتوريدات",
    "TaxtypeReference": "T4"
  },
  {
    "Code": "W002",
    "Desc_en": "Services",
    "Desc_ar": "الخدمات",
    "TaxtypeReference": "T4"
  },
  {
    "Code": "W003",
    "Desc_en": "Liberal professions",
    "Desc_ar": "مهن حره",
    "TaxtypeReference": "T4"
  },
  {
    "Code": "W004",
    "Desc_en": "Agency commission and brokerage",
    "Desc_ar": "الوكاله بالعموله والسمسره",
    "TaxtypeReference": "T4"
  },
  {
    "Code": "W005",
    "Desc_en": "Discounts, grants and commissions",
    "Desc_ar": "الخصومات والمنح والعمولات",
    "TaxtypeReference": "T4"
  },
  {
    "Code": "W006",
    "Desc_en": "Support for export subsidies granted by the exporter development box",
    "Desc_ar": "مسانده دعم الصادرات التي يمنحها ص.تنميه الصادرات للمصدر",
    "TaxtypeReference": "T4"
  },
  {
    "Code": "W007",
    "Desc_en": "Exemption",
    "Desc_ar": "إعفاء",
    "TaxtypeReference": "T4"
  },
  {
    "Code": "W008",
    "Desc_en": "advance payments",
    "Desc_ar": "دفعات مقدمة",
    "TaxtypeReference": "T4"
  },
  {
    "Code": "ST01",
    "Desc_en": "Stamping tax (percentage)",
    "Desc_ar": "ضريبه الدمغه (نسبيه)",
    "TaxtypeReference": "T5"
  },
  {
    "Code": "ST02",
    "Desc_en": "Stamping Tax (amount)",
    "Desc_ar": "ضريبه الدمغه (قطعيه بمقدار ثابت)",
    "TaxtypeReference": "T6"
  },
  {
    "Code": "Ent01",
    "Desc_en": "Entertainment tax (rate)",
    "Desc_ar": "ضريبة الملاهى (نسبة)",
    "TaxtypeReference": "T7"
  },
  {
    "Code": "Ent02",
    "Desc_en": "Entertainment tax (amount)",
    "Desc_ar": "ضريبة الملاهى (قطعية)",
    "TaxtypeReference": "T7"
  },
  {
    "Code": "RD01",
    "Desc_en": "Resource development fee (rate)",
    "Desc_ar": "رسم تنميه الموارد (نسبة)",
    "TaxtypeReference": "T8"
  },
  {
    "Code": "RD02",
    "Desc_en": "Resource development fee (amount)",
    "Desc_ar": "رسم تنميه الموارد (قطعية)",
    "TaxtypeReference": "T8"
  },
  {
    "Code": "SC01",
    "Desc_en": "Service charges (rate)",
    "Desc_ar": "رسم خدمة (نسبة)",
    "TaxtypeReference": "T9"
  },
  {
    "Code": "SC02",
    "Desc_en": "Service charges (amount)",
    "Desc_ar": "رسم خدمة (قطعية)",
    "TaxtypeReference": "T9"
  },
  {
    "Code": "Mn01",
    "Desc_en": "Municipality Fees (rate)",
    "Desc_ar": "رسم المحليات (نسبة)",
    "TaxtypeReference": "T10"
  },
  {
    "Code": "Mn02",
    "Desc_en": "Municipality Fees (amount)",
    "Desc_ar": "رسم المحليات (قطعية)",
    "TaxtypeReference": "T10"
  },
  {
    "Code": "MI01",
    "Desc_en": "Medical insurance fee (rate)",
    "Desc_ar": "رسم التامين الصحى (نسبة)",
    "TaxtypeReference": "T11"
  },
  {
    "Code": "MI02",
    "Desc_en": "Medical insurance fee (amount)",
    "Desc_ar": "رسم التامين الصحى (قطعية)",
    "TaxtypeReference": "T11"
  },
  {
    "Code": "OF01",
    "Desc_en": "Other fees (rate)",
    "Desc_ar": "رسوم أخرى (نسبة)",
    "TaxtypeReference": "T12"
  },
  {
    "Code": "OF02",
    "Desc_en": "Other fees (amount)",
    "Desc_ar": "رسوم أخرى (قطعية)",
    "TaxtypeReference": "T12"
  },
  {
    "Code": "ST03",
    "Desc_en": "Stamping tax (percentage)",
    "Desc_ar": "ضريبه الدمغه (نسبيه)",
    "TaxtypeReference": "T13"
  },
  {
    "Code": "ST04",
    "Desc_en": "Stamping Tax (amount)",
    "Desc_ar": "ضريبه الدمغه (قطعيه بمقدار ثابت)",
    "TaxtypeReference": "T14"
  },
  {
    "Code": "Ent03",
    "Desc_en": "Entertainment tax (rate)",
    "Desc_ar": "ضريبة الملاهى (نسبة)",
    "TaxtypeReference": "T15"
  },
  {
    "Code": "Ent04",
    "Desc_en": "Entertainment tax (amount)",
    "Desc_ar": "ضريبة الملاهى (قطعية)",
    "TaxtypeReference": "T15"
  },
  {
    "Code": "RD03",
    "Desc_en": "Resource development fee (rate)",
    "Desc_ar": "رسم تنميه الموارد (نسبة)",
    "TaxtypeReference": "T16"
  },
  {
    "Code": "RD04",
    "Desc_en": "Resource development fee (amount)",
    "Desc_ar": "رسم تنميه الموارد (قطعية)",
    "TaxtypeReference": "T16"
  },
  {
    "Code": "SC03",
    "Desc_en": "Service charges (rate)",
    "Desc_ar": "رسم خدمة (نسبة)",
    "TaxtypeReference": "T17"
  },
  {
    "Code": "SC04",
    "Desc_en": "Service charges (amount)",
    "Desc_ar": "رسم خدمة (قطعية)",
    "TaxtypeReference": "T17"
  },
  {
    "Code": "Mn03",
    "Desc_en": "Municipality Fees (rate)",
    "Desc_ar": "رسم المحليات (نسبة)",
    "TaxtypeReference": "T18"
  },
  {
    "Code": "Mn04",
    "Desc_en": "Municipality Fees (amount)",
    "Desc_ar": "رسم المحليات (قطعية)",
    "TaxtypeReference": "T18"
  },
  {
    "Code": "MI03",
    "Desc_en": "Medical insurance fee (rate)",
    "Desc_ar": "رسم التامين الصحى (نسبة)",
    "TaxtypeReference": "T19"
  },
  {
    "Code": "MI04",
    "Desc_en": "Medical insurance fee (amount)",
    "Desc_ar": "رسم التامين الصحى (قطعية)",
    "TaxtypeReference": "T19"
  },
  {
    "Code": "OF03",
    "Desc_en": "Other fees (rate)",
    "Desc_ar": "رسوم أخرى (نسبة)",
    "TaxtypeReference": "T20"
  },
  {
    "Code": "OF04",
    "Desc_en": "Other fees (amount)",
    "Desc_ar": "رسوم أخرى (قطعية)",
    "TaxtypeReference": "T20"
  }
]