[
  {
    "Code": "T1",
    "Desc_en": "Value added tax",
    "Desc_ar": "ضريبه القيمه المضافه"
  },
  {
    "Code": "T2",
    "Desc_en": "Table tax (percentage)",
    "Desc_ar": "ضريبه الجدول (نسبيه)"
  },
  {
    "Code": "T3",
    "Desc_en": "Table tax (Fixed Amount)",
    "Desc_ar": "ضريبه الجدول (قطعيه)"
  },
  {
    "Code": "T4",
    "Desc_en": "Withholding tax (WHT)",
    "Desc_ar": "الخصم تحت حساب الضريبه"
  },
  {
    "Code": "T5",
    "Desc_en": "Stamping tax (percentage)",
    "Desc_ar": "ضريبه الدمغه (نسبيه)"
  },
  {
    "Code": "T6",
    "Desc_en": "Stamping Tax (amount)",
    "Desc_ar": "ضريبه الدمغه (قطعيه بمقدار ثابت )"
  },
  {
    "Code": "T7",
    "Desc_en": "Entertainment tax",
    "Desc_ar": "ضريبة الملاهى"
  },
  {
    "Code": "T8",
    "Desc_en": "Resource development fee",
    "Desc_ar": "رسم تنميه الموارد"
  },
  {
    "Code": "T9",
    "Desc_en": "Table tax (percentage)",
    "Desc_ar": "رسم خدمة"
  },
  {
    "Code": "T10",
    "Desc_en": "Municipality Fees",
    "Desc_ar": "رسم المحليات"
  },
  {
    "Code": "T11",
    "Desc_en": "Medical insurance fee",
    "Desc_ar": "رسم التامين الصحى"
  },
  {
    "Code": "T12",
    "Desc_en": "Other fees",
    "Desc_ar": "رسوم أخري"
  },
  {
    "Code": "T13",
    "Desc_en": "Stamping tax (percentage)",
    "Desc_ar": "ضريبه الدمغه (نسبيه)"
  },
  {
    "Code": "T14",
    "Desc_en": "Stamping Tax (amount)",
    "Desc_ar": "ضريبه الدمغه (قطعيه بمقدار ثابت )"
  },
  {
    "Code": "T15",
    "Desc_en": "Entertainment tax",
    "Desc_ar": "ضريبة الملاهى"
  },
  {
    "Code": "T16",
    "Desc_en": "Resource development fee",
    "Desc_ar": "رسم تنميه الموارد"
  },
  {
    "Code": "T17",
    "Desc_en": "Table tax (percentage)",
    "Desc_ar": "رسم خدمة"
  },
  {
    "Code": "T18",
    "Desc_en": "Municipality Fees",
    "Desc_ar": "رسم المحليات"
  },
  {
    "Code": "T19",
    "Desc_en": "Medical insurance fee",
    "Desc_ar": "رسم التامين الصحى"
  },
  {
    "Code": "T20",
    "Desc_en": "Other fees",
    "Desc_ar": "رسوم أخرى"
  }
]